Country,Code,2020,2021,2022,2023,2024,2025,2026
Afghanistan,AFG,26,26,26,27,28,26,24
Albania,ALB,114,114,114,115,123,123,121
Algeria,DZA,51,51,52,53,56,56,55
Andorra,AND,167,167,168,168,171,171,169
Angola,AGO,50,50,50,51,53,51,48
Antigua and Barbuda,ATG,151,151,150,151,153,153,154
Argentina,ARG,170,170,170,170,174,172,168
Armenia,ARM,63,63,65,66,68,68,64
Australia,AUS,184,184,185,185,189,189,182
Austria,AUT,187,187,188,188,192,191,184
Azerbaijan,AZE,67,67,69,70,72,72,67
Bahamas,BHS,155,155,155,155,158,161,158
Bahrain,BHR,83,83,84,87,91,87,87
Bangladesh,BGD,41,41,40,41,42,40,36
Barbados,BRB,161,161,161,163,165,165,163
Belarus,BLR,75,75,79,78,81,81,77
Belgium,BEL,185,185,186,186,191,190,185
Belize,BLZ,101,101,101,103,104,103,100
Benin,BEN,62,62,61,61,63,68,65
Bhutan,BTN,53,53,53,53,55,52,47
Bolivia,BOL,78,78,79,80,82,79,77
Bosnia and Herzegovina,BIH,117,117,117,118,121,123,121
Botswana,BWA,85,85,86,87,91,88,82
Brazil,BRA,170,170,169,170,173,171,168
Brunei,BRN,166,166,166,166,168,166,163
Bulgaria,BGR,171,171,173,174,179,178,177
Burkina Faso,BFA,59,59,58,58,60,60,56
Burundi,BDI,50,50,51,50,51,50,48
Cambodia,KHM,54,54,53,54,56,53,47
Cameroon,CMR,49,49,50,50,53,50,47
Canada,CAN,183,183,185,185,188,188,182
Cape Verde,CPV,66,66,66,66,69,68,63
Central African Republic,CAF,52,52,52,52,55,53,48
Chad,TCD,53,53,53,53,55,53,51
Chile,CHL,174,174,174,174,177,176,174
China,CHN,75,75,80,80,85,85,82
Colombia,COL,127,129,131,133,135,134,130
Comoro Islands,COM,53,53,53,53,55,54,50
Congo (DRC),COD,42,42,42,42,46,46,43
Congo (Rep.),COG,48,48,48,49,52,50,46
Costa Rica,CRI,150,150,150,150,152,151,148
Côte d'Ivoire,CIV,57,57,56,57,59,59,55
Croatia,HRV,171,171,173,174,179,184,181
Cuba,CUB,64,64,64,65,64,62,56
Cyprus,CYP,174,174,176,177,182,179,174
Czechia,CZE,184,184,185,186,189,187,182
Denmark,DNK,187,187,188,188,192,191,185
Djibouti,DJI,47,47,47,48,50,49,45
Dominica,DMA,141,143,144,145,144,145,145
Dominican Republic,DOM,66,66,70,70,74,75,71
Ecuador,ECU,91,92,91,92,95,95,93
Egypt,EGY,50,50,52,53,55,52,49
El Salvador,SLV,134,134,134,132,136,136,131
Equatorial Guinea,GNQ,55,55,55,55,58,57,52
Eritrea,ERI,42,42,43,44,43,42,38
Estonia,EST,179,179,181,181,187,186,181
eSwatini,SWZ,74,74,74,75,78,77,71
Ethiopia,ETH,44,44,45,46,47,46,42
Fiji,FJI,88,88,88,88,91,90,87
Finland,FIN,188,188,189,189,193,192,185
France,FRA,186,186,188,187,194,192,185
Gabon,GAB,57,57,57,57,61,60,55
Gambia,GMB,68,68,68,69,70,71,68
Georgia,GEO,115,115,115,116,121,122,120
Germany,DEU,189,189,190,190,194,192,185
Ghana,GHA,65,65,64,65,66,68,67
Greece,GRC,184,184,185,185,190,189,184
Grenada,GRD,144,144,144,146,148,148,147
Guatemala,GTM,133,133,133,133,137,135,132
Guinea,GIN,55,55,54,55,59,59,52
Guinea-Bissau,GNB,53,53,52,53,56,55,50
Guyana,GUY,88,88,87,88,91,92,88
Haiti,HTI,49,49,48,49,55,53,49
Honduras,HND,134,134,133,133,135,133,129
Hong Kong,HKG,170,170,171,171,171,171,174
Hungary,HUN,182,182,183,184,188,187,183
Iceland,ISL,180,181,180,180,185,184,179
India,IND,58,58,60,60,62,57,56
Indonesia,IDN,71,71,71,71,78,76,70
Iran,IRN,41,41,42,43,45,44,40
Iraq,IRQ,28,28,28,29,31,31,29
Ireland,IRL,186,186,187,187,192,191,185
Israel,ISR,160,161,159,159,166,170,166
Italy,ITA,188,188,189,189,194,192,185
Jamaica,JAM,86,86,85,87,90,89,85
Japan,JPN,191,191,192,193,194,193,187
Jordan,JOR,51,51,52,53,55,53,49
Kazakhstan,KAZ,75,75,75,76,78,77,78
Kenya,KEN,72,72,72,73,76,74,69
Kiribati,KIR,123,123,123,124,124,124,122
Kosovo,XKX,40,40,40,41,74,80,81
Kuwait,KWT,96,96,95,97,102,99,96
Kyrgyzstan,KGZ,63,63,63,64,65,64,59
Laos,LAO,50,50,50,50,51,49,45
Latvia,LVA,180,180,181,182,186,185,182
Lebanon,LBN,40,40,41,42,45,45,43
Lesotho,LSO,76,76,77,77,80,79,73
Liberia,LBR,49,49,49,49,51,52,49
Libya,LBY,38,38,40,41,40,40,39
Liechtenstein,LIE,178,178,178,178,182,182,180
Lithuania,LTU,181,181,182,183,187,185,180
Luxembourg,LUX,188,188,189,189,191,191,185
Macao,MAC,144,144,144,144,144,145,141
Madagascar,MDG,55,55,55,55,60,60,55
Malawi,MWI,73,73,73,74,76,75,70
Malaysia,MYS,178,178,179,179,182,183,183
Maldives,MDV,85,85,88,89,94,94,92
Mali,MLI,54,54,54,54,56,55,53
Malta,MLT,184,184,185,185,190,188,184
Marshall Islands,MHL,123,123,122,123,126,129,127
Mauritania,MRT,59,59,59,59,59,58,55
Mauritius,MUS,148,146,146,146,150,151,147
Mexico,MEX,159,159,159,159,161,159,156
Micronesia,FSM,118,118,117,118,123,124,120
Moldova,MDA,120,120,120,121,122,122,119
Monaco,MCO,174,174,174,174,178,178,176
Mongolia,MNG,62,62,61,62,63,66,64
Montenegro,MNE,124,124,123,124,126,129,126
Morocco,MAR,64,64,64,65,71,73,71
Mozambique,MOZ,62,62,62,62,63,65,59
Myanmar,MMR,47,47,46,47,48,46,42
Namibia,NAM,77,77,78,79,80,81,75
Nauru,NRU,89,89,89,90,90,89,86
Nepal,NPL,38,38,37,38,40,39,35
Netherlands,NLD,186,186,188,188,192,191,185
New Zealand,NZL,185,185,186,186,189,190,182
Nicaragua,NIC,129,129,127,128,130,128,125
Niger,NER,54,54,53,53,57,57,54
Nigeria,NGA,46,46,45,46,45,46,44
North Korea,PRK,39,39,39,40,42,41,35
North Macedonia,MKD,124,124,125,125,127,129,126
Norway,NOR,185,185,186,186,191,191,185
Oman,OMN,80,80,80,82,90,86,84
Pakistan,PAK,32,32,31,32,34,33,31
Palau Islands,PLW,120,120,119,120,123,124,119
Palestinian Territory,PSE,38,37,37,38,40,40,39
Panama,PAN,142,142,142,144,149,148,147
Papua New Guinea,PNG,84,84,82,83,85,87,84
Paraguay,PRY,141,141,141,142,146,148,145
Peru,PER,135,135,135,136,142,143,141
Philippines,PHL,66,66,66,67,69,67,65
Poland,POL,181,181,183,184,189,188,183
Portugal,PRT,186,186,187,187,191,190,184
Qatar,QAT,95,95,97,100,108,112,111
Romania,ROU,172,172,174,175,179,178,177
Russian Federation,RUS,117,116,119,118,119,116,113
Rwanda,RWA,60,60,61,61,66,66,66
Samoa,WSM,131,131,131,132,132,131,129
San Marino,SMR,168,168,169,169,172,171,166
São Tomé and Príncipe,STP,61,61,60,60,61,63,58
Saudi Arabia,SAU,78,79,79,82,89,87,87
Senegal,SEN,56,56,56,57,58,58,56
Serbia,SRB,134,134,135,136,138,139,135
Seychelles,SYC,151,151,152,153,156,156,154
Sierra Leone,SLE,63,63,63,64,67,66,62
Singapore,SGP,190,190,192,192,194,195,192
Slovakia,SVK,181,181,182,183,186,184,182
Slovenia,SVN,180,180,181,182,186,185,182
Solomon Islands,SLB,131,131,131,132,134,134,132
Somalia,SOM,33,33,34,35,36,35,32
South Africa,ZAF,101,101,104,106,108,106,100
South Korea,KOR,189,189,190,192,193,192,187
South Sudan,SSD,43,43,44,44,46,44,41
Spain,ESP,188,188,189,190,194,192,185
Sri Lanka,LKA,42,42,41,42,43,44,39
St. Kitts and Nevis,KNA,156,156,157,157,157,157,157
St. Lucia,LCA,146,146,146,147,148,148,144
St. Vincent and the Grenadines,VCT,148,148,151,152,157,157,157
Sudan,SDN,40,40,41,42,45,43,41
Suriname,SUR,78,78,77,76,81,79,75
Sweden,SWE,186,186,188,188,193,191,186
Switzerland,CHE,185,185,186,186,190,190,185
Syria,SYR,29,29,29,30,29,27,26
Taiwan,TWN,146,145,145,145,143,141,134
Tajikistan,TJK,58,58,58,60,61,58,53
Tanzania,TZA,71,71,72,72,73,73,68
Thailand,THA,79,79,79,78,82,82,76
Timor-Leste,TLS,95,94,93,94,96,97,92
Togo,TGO,55,55,54,55,59,61,57
Tonga,TON,125,125,129,130,130,131,127
Trinidad and Tobago,TTO,150,150,150,151,151,152,145
Tunisia,TUN,71,71,71,70,71,69,66
Türkiye,TUR,111,110,110,110,118,116,113
Turkmenistan,TKM,53,53,52,53,52,50,45
Tuvalu,TUV,127,127,127,128,128,128,125
UAE,ARE,170,173,175,178,183,185,187
Uganda,UGA,67,67,67,67,69,70,65
Ukraine,UKR,129,130,141,144,148,148,142
United Kingdom,GBR,185,185,186,187,191,190,183
United States,USA,185,185,186,186,188,186,179
Uruguay,URY,153,153,153,153,156,157,155
Uzbekistan,UZB,57,57,57,59,62,62,59
Vanuatu,VUT,130,130,135,98,94,92,88
Vatican City,VAT,154,153,153,154,157,155,151
Venezuela,VEN,129,129,129,129,126,121,116
Vietnam,VNM,54,54,54,55,55,51,48
Yemen,YEM,33,33,33,34,35,33,31
Zambia,ZMB,71,71,71,71,71,70,64
Zimbabwe,ZWE,65,65,65,66,66,65,61