Entity,Code,CO2_cumulative,CO2_capita_2024,CO2_capita_avg,INFORM_baseline,INFORM_P50,INFORM_O50,INFORM_P80,INFORM_O80,Migrant_stock,Migrant_perpop
Afghanistan,AFG,242635440,0.25384834,0.001992146,8,8.1,8,8.1,8.1,98110,0.230048698
Albania,ALB,307938100,1.5919901,0.007159781,2.6,2.7,2.7,2.8,2.7,46377,1.661207157
Algeria,DZA,5476568000,4.233817,0.000641903,3.9,4.1,3.8,4.2,3.7,259458,0.554227994
Andorra,AND,16654969,5.1816607,7.6600275,,,,,,48408,59.07881569
Angola,AGO,739587700,0.5894967,0.041052148,4.5,5.4,5.1,5.7,5,676507,1.785645611
Antarctica,ATA,153888,,,,,,,,,
Antigua and Barbuda,ATG,26920108,7.092406,0.26864195,2,2.2,2.2,1.9,2.1,30473,32.49690739
Argentina,ARG,9151537000,3.7434063,0.013673803,2.9,3.2,3.1,3.3,3.1,1958039,4.284909373
Armenia,ARM,406690050,2.498691,9.05281E-05,5.3,5.4,5.3,5.4,5.3,274645,9.235365722
Australia,AUS,20039670000,14.477199,0,2.4,2.6,2.6,2.6,2.6,8111404,30.36477278
Austria,AUT,5749662700,6.180112,0.053945992,1.9,2,2,2.1,2,2327064,25.51377821
Azerbaijan,AZE,2637138400,3.8533201,0.000253057,5.8,5.9,5.8,5.9,5.8,218460,2.113465609
Bahamas,BHS,180559860,7.64968,0.6581642,1.9,2.2,2.2,2.2,2.2,67285,16.76746835
Bahrain,BHR,1112192100,24.270082,0.091749094,1.1,1.4,1.4,1.6,1.5,840202,52.28228884
Bangladesh,BGD,2000965500,0.6240862,0.00307583,5.5,5.9,5.7,5.9,5.6,2906338,1.674520866
Barbados,BRB,63875010,4.8328743,0.021526476,1.8,1.8,1.8,1.8,1.7,35187,12.45703038
Belarus,BLR,5184231000,6.163221,0.000198019,1.4,1.6,1.5,1.7,1.6,1054604,11.64446725
Belgium,BEL,12906185000,7.2798314,1.9576033,1.9,2,2.1,2.1,2.1,2349032,20.01089893
Belize,BLZ,22517780,1.9085852,0.2651806,3.3,3.7,3.7,3.9,3.7,68706,16.47341466
Benin,BEN,128382440,0.4194466,0.06123682,4.1,4.9,4.6,5.1,4.6,418202,2.891585292
Bhutan,BTN,29797136,2.0939395,0.011875438,3.2,3.3,3.3,3.3,3.2,55705,7.037689318
Bolivia,BOL,641184260,2.3127308,0.002701708,3.5,3.9,3.8,4.1,3.8,183234,1.476108517
Bosnia and Herzegovina,BIH,1043487800,6.1391783,0.003083282,3.1,3.3,3.2,3.4,3.2,34120,1.078295572
Botswana,BWA,184335780,2.9596071,0.035320427,2.9,3.3,3.2,3.4,3.3,116402,4.617040155
Brazil,BRA,18198706000,2.2783718,0.028650621,5,5.1,5.1,5.1,5.1,1406299,0.66335305
Brunei,BRN,427762400,26.046202,0.10697498,1.9,2,2,2.1,2,119933,25.91907435
Bulgaria,BGR,3984196400,4.6793866,0.001217014,2.2,2.5,2.4,2.6,2.4,299100,4.426069326
Burkina Faso,BFA,95789750,0.27634817,0.000961988,6.4,6.6,6.6,6.6,6.6,739820,3.141648818
Burundi,BDI,16687724,0.065253265,0.003899879,5.1,5.8,5.8,6,5.8,387101,2.755601488
Cambodia,KHM,251610180,1.2405994,0.02097835,4.6,5.2,4.9,5.4,4.7,83925,0.475797646
Cameroon,CMR,309245400,0.33071235,0.03215454,6.2,6.4,6.3,6.4,6.4,642948,2.207641984
Canada,CAN,35644130000,13.419917,0.00448715,2.5,2.7,2.7,2.8,2.8,8805839,22.15727372
Cape Verde,CPV,16916392,1.1312839,0.5545933,1.9,2.5,2.4,2.5,2.3,16515,3.146451454
Central African Republic,CAF,12340505,0.07403937,0.032693304,7.7,7.8,7.8,7.8,7.8,94556,1.773804142
Chad,TCD,51343090,0.13948385,0.011721442,7.8,7.9,7.9,8,7.9,1269673,6.254817018
Chile,CHL,3324851500,3.983124,0.019062828,3.3,3.5,3.4,3.6,3.5,1538324,7.783161262
China,CHN,2.85087E+11,8.65839,0.04840261,3.9,4,3.9,4,3.9,1136425,4.895437496
Colombia,COL,3802047500,1.752047,0.004007118,5.4,5.5,5.4,5.5,5.4,3063518,5.792642614
Comoros,COM,7513499,0.6365447,0.05657289,3.8,4.4,4.1,4.5,4.2,12449,1.436487166
Congo,COG,191077390,1.3958335,0.10632144,5.2,5.3,5.3,5.5,5.3,1085090,0.992978667
Costa Rica,CRI,285803460,1.7077205,2.11175E-05,3.2,3.4,3.3,3.4,3.3,628404,12.24980555
Cote d'Ivoire,CIV,400110940,0.46434766,0.20153978,4.7,5.2,5,5.4,4.9,2880839,9.021163184
Croatia,HRV,1184689300,4.764723,0.002258627,2.2,2.3,2.3,2.4,2.3,527831,13.62030281
Cuba,CUB,1814111100,2.225931,0.29310027,2.4,2.4,2.4,2.4,2.4,2144,0.019526798
Cyprus,CYP,321552420,5.373922,0.5415696,2.6,2.8,2.8,3.1,3,202062,14.87629226
Czechia,CZE,12331785000,7.043965,0.027807439,1.2,1.3,1.3,1.4,1.3,1025199,9.549296428
Democratic Republic of Congo,COD,238699700,0.05403233,0.000447797,7.6,7.8,7.7,7.8,7.7,1085090,0.992978667
Denmark,DNK,4199661300,4.746057,0.09695444,1.4,1.5,1.5,1.6,1.5,847475,14.17795862
Djibouti,DJI,21120864,0.48264864,0.17629793,4.4,4.9,4.8,5.2,4.8,125996,10.78066469
Dominica,DMA,5494298,2.5799234,0.07260621,2.6,2.6,2.6,2.6,2.6,738667,6.463910003
Dominican Republic,DOM,869154050,2.8992038,0.05510457,4.2,4.4,4.3,4.5,4.3,738667,6.463910003
East Timor,TLS,12137212,0.47700548,0,4.5,4.6,4.5,4.7,4.5,8303,0.592801281
Ecuador,ECU,1391195600,2.535337,6.43271E-05,4.4,4.6,4.5,4.7,4.5,747749,4.123128158
Egypt,EGY,7471490000,2.2170217,0.000955921,4.8,5,5,5,5,1139820,0.978065075
El Salvador,SLV,264574340,1.4155904,0,4.3,4.6,4.4,4.7,4.4,43342,0.68382266
Equatorial Guinea,GNQ,163383550,3.704236,0.04851481,3.8,3.6,3.6,3.7,3.6,248930,13.15338946
Eritrea,ERI,19103122,0.21004777,0.020740744,4,4.9,4.5,5.1,4.5,12512,0.353885886
Estonia,EST,1668452200,6.105464,0.000490872,1,1,1,1.1,1,203046,14.92386145
Eswatini,SWZ,44611948,0.8405372,0.013486951,3.3,3.5,3.5,3.7,3.5,33268,2.676811321
Ethiopia,ETH,330228480,0.13506985,0.000623873,6.8,6.9,6.9,6.9,6.9,1168455,0.884792565
Fiji,FJI,54066320,1.5561111,0.39063728,3.2,3.1,3.1,3.2,3.1,14362,1.546322934
Finland,FIN,3324778500,5.300579,0.021156946,1.3,1.4,1.4,1.5,1.4,514432,9.157977751
France,FRA,40047567000,3.969368,0.076622,2.4,2.6,2.6,2.7,2.6,9186757,13.80459794
Gabon,GAB,307084960,2.126386,0.02209613,3.7,4.1,4,4.2,4,449746,17.71384414
Gambia,GMB,17676944,0.29086024,0.0477791,3.6,4.4,4.2,4.6,4.3,236137,8.555725605
Georgia,GEO,662384400,3.0948753,5.78807E-05,3.1,3.2,3.1,3.3,3.2,81582,2.142570128
Germany,DEU,95135680000,6.7688236,0.044171557,2.4,2.5,2.5,2.5,2.5,16750084,19.8103369
Ghana,GHA,426535780,0.6106143,0.12548281,4,4.4,4.2,4.5,4.2,532286,1.546110899
Greece,GRC,4296778000,5.310692,0.047250953,2.7,2.8,2.8,2.9,2.8,1423964,14.17187435
Greenland,GRL,35194424,11.079819,4.2584476,,,,,,5812,10.40830946
Grenada,GRD,9648769,3.2159822,0.094824016,1.7,1.7,1.7,1.7,1.7,7340,6.262424599
Guatemala,GTM,515765950,1.0800844,0,5.1,5.8,5.5,6,5.4,92732,0.503804147
Guinea,GIN,105935840,0.27287328,0.06053378,3.8,3.6,3.6,3.7,3.6,31171,0.294719369
Guinea-Bissau,GNB,8285323,0.15544437,0.013479707,4.1,5,4.8,5.3,4.9,15064,0.684306735
Guyana,GUY,117341500,5.4269924,0.6222871,4.3,4.2,4.1,4.3,4.1,54175,6.518571461
Haiti,HTI,88844200,0.2523404,0,5.5,5.8,5.6,5.9,5.6,19581,0.166327502
Honduras,HND,310240130,1.187437,0,4.9,5.4,5.2,5.5,5.1,39901,0.368576526
Hungary,HUN,5183892500,4.135669,0.025466146,1.5,1.8,1.7,1.9,1.8,689565,7.126450799
Iceland,ISL,171686030,9.666935,0.19032942,1.3,1.3,1.3,1.3,1.4,98818,25.11921829
India,IND,66072530000,2.2009783,0.001630606,5.5,5.5,5.4,5.5,5.3,4796255,0.330562871
Indonesia,IDN,17419934000,2.8650963,0.000109834,4.4,4.7,4.5,4.7,4.4,445726,0.157229268
Iran,IRN,21810637000,8.656227,0.000341233,4.3,4.8,4.5,4.9,4.4,3840654,4.194330977
Iraq,IRQ,5350744000,5.074398,0.036581174,6.6,6.6,6.6,6.7,6.6,370980,0.80574232
Ireland,IRL,2366425600,6.3388243,3.3392677,1.7,1.7,1.7,1.8,1.8,1216237,23.14430191
Israel,ISR,2607636200,5.6074414,0.06799133,2.6,2.7,2.6,2.8,2.6,2091569,22.2814991
Italy,ITA,26005944000,5.087886,0.001126227,2.5,2.7,2.7,2.7,2.7,6553671,11.04373842
Jamaica,JAM,485201660,2.9592197,0.19267574,3,3.2,3.1,3.3,3.1,24007,0.845562531
Japan,JPN,69612280000,7.7724743,0.000320871,2.3,2.3,2.3,2.3,2.3,3409529,2.755107246
Jordan,JOR,793394300,2.009813,0.392445,3.5,4.1,3.9,4.2,4,5280168,45.70435968
Kazakhstan,KAZ,14937440000,13.937352,0.000543654,1.6,1.8,1.7,1.9,1.8,2089797,10.14830543
Kenya,KEN,551307500,0.37611777,0.15750426,4.6,5.1,4.8,5.3,4.8,992536,1.758788271
Kiribati,KIR,2329151,0.5386222,0.15157093,3,3.7,3.7,3.7,3.7,3302,2.454690079
Kosovo,OWID_KOS,188443420,4.777991,0,,,,,,,
Kuwait,KWT,3875923200,26.24753,17.171436,1.7,2.2,2.2,2.3,2.2,3323191,67.34595776
Kyrgyzstan,KGZ,883216200,1.6379259,0.000178965,2.7,2.8,2.7,2.9,2.7,194816,2.711045867
Laos,LAO,243007550,3.140345,0.013547247,4,4,3.9,4,3.9,51446,0.662126106
Latvia,LVA,980750600,3.4520962,0.000175525,1.3,1.4,1.4,1.6,1.5,220471,11.77810864
Lebanon,LBN,794725060,2.6955004,0.003851902,3.9,4.2,4,4.3,4.1,1422583,24.50210663
Lesotho,LSO,72330310,1.100255,0.81390816,3,3.7,3.5,3.9,3.6,15039,0.643400874
Liberia,LBR,52520880,0.15310843,0.051835213,5.3,6,5.8,6.1,5.8,72423,1.290314649
Libya,LBY,2489879600,8.841596,0.12629223,6.2,6.3,6.3,6.3,6.3,897751,12.16296169
Liechtenstein,LIE,9960540,3.2992606,0.72314537,1.1,1.1,1.1,1.1,1.1,27669,69.39804364
Lithuania,LTU,1610090900,4.386505,0.000211777,1.4,1.5,1.5,1.5,1.5,175194,6.127571167
Luxembourg,LUX,783030700,10.459649,0.08540352,1.1,1.2,1.1,1.3,1.2,344309,51.15759038
Madagascar,MDG,112653600,0.14166704,0.001215509,5.2,5.7,5.5,5.8,5.5,38625,0.120835455
Malawi,MWI,57556700,0.08688312,0.079500414,4.5,5.1,4.9,5.4,4.9,186719,0.862232898
Malaysia,MYS,7042409500,8.16206,0.004842477,3.4,3.5,3.3,3.6,3.3,3806514,10.7051831
Maldives,MDV,33654080,4.3694687,0.028838586,2.1,2.2,2.1,2.2,2.2,75099,14.22871207
Mali,MLI,100196260,0.2850997,0.008943891,6.9,7.1,7.1,7.1,7.1,545323,2.227754493
Malta,MLT,111222650,3.2037206,0.8330522,1.5,1.5,1.5,1.5,1.5,199466,36.96505049
Marshall Islands,MHL,4008370,4.1115723,1.6580615,3.1,3.5,3.5,3.5,3.5,3309,8.812719719
Mauritania,MRT,99863290,1.0134012,0.04103478,4.6,5,4.7,5.2,4.7,195937,3.790327495
Mauritius,MUS,133211240,3.6766226,0.38343862,2.1,2.2,2.2,2.2,2.1,29142,2.292535454
Mexico,MEX,22015853000,3.5227275,0.000958511,5,5,5,5.1,5,1726089,1.319024696
Micronesia,FSM,4858168,1.3309593,1.293304,2.9,3,2.9,3,2.9,2894,2.557440792
Moldova,MDA,1358363900,1.7551568,0.000242066,2.3,2.6,2.5,2.7,2.5,188207,6.201298798
Mongolia,MNG,861451650,12.859549,0.36560738,2.4,2.6,2.5,2.8,2.5,22589,0.649942167
Montenegro,MNE,122139770,3.7217364,0.001434458,2.2,2.2,2.2,2.3,2.2,92237,14.44636394
Morocco,MAR,2015669000,1.813556,0.004627955,3.5,4.1,3.7,4.2,3.6,111069,0.29166381
Mozambique,MOZ,211219630,0.24869162,0.010665609,7.2,7.3,7.3,7.4,7.3,353143,1.019708322
Myanmar,MMR,727895600,0.5798787,0.24411763,6.2,6.3,6.3,6.4,6.3,79052,0.145049299
Namibia,NAM,87199976,1.1448735,0.73761964,3.2,3.7,3.6,3.9,3.6,116035,3.829372393
Nauru,NRU,5074183,5.129512,5.2957544,2.4,2.4,2.4,2.4,2.4,2548,21.32752992
Nepal,NPL,232095900,0.6332349,0.003054566,4.5,5,4.5,5.1,4.5,470719,1.587528727
Netherlands,NLD,12261704000,6.29691,0.95263827,2,2,2,2.1,2.1,2956518,16.21899087
New Caledonia,NCL,171768780,18.0644,3.44539,,,,,,76738,26.22275226
New Zealand,NZL,2012346800,6.229343,0,1.6,1.7,1.7,1.7,1.7,1467989,28.15505882
Nicaragua,NIC,197651090,0.8140884,0,4.3,4.7,4.5,4.7,4.5,43757,0.6326795
Niger,NER,61507010,0.11726506,0.010921858,7.3,7.5,7.4,7.5,7.4,1403281,0.603096161
Nigeria,NGA,4710829600,0.5837386,0.000841964,6.6,6.7,6.7,6.7,6.7,1403281,0.603096161
North Korea,PRK,5492661000,2.3604918,0.002500823,4.6,4.7,4.6,4.8,4.6,50439,0.190344303
North Macedonia,MKD,538000600,3.6311553,0.00369039,2.1,2.3,2.3,2.4,2.3,150902,8.277633297
Norway,NOR,2787295200,6.667616,0,1.9,1.7,1.6,1.7,1.7,1012404,18.15430742
Oman,OMN,1673352600,15.651107,0.019197116,2.4,2.6,2.5,2.7,2.5,655579,3.44767797
Pakistan,PAK,5739839000,0.71556884,0.018152596,6,5.9,5.7,6,5.6,4175958,1.661946072
Palau,PLW,11398727,12.760258,1.302524,2.5,2.6,2.6,2.6,2.6,5212,29.45464821
Palestine,PSE,77991040,0.86981934,0.402531,3.4,3.8,3.6,3.9,3.7,272481,4.958308184
Panama,PAN,360475550,2.8046095,0.007977988,3.8,3.9,3.9,4,3.9,477749,10.58002111
Papua New Guinea,PNG,209709010,0.7890545,0.035608746,5.5,5.8,5.6,5.8,5.6,31171,0.294719369
Paraguay,PRY,208530050,1.1454097,0,2.7,3.1,3,3.2,3,180837,2.609799495
Peru,PER,2161822500,2.0529242,0.018031554,4.5,4.8,4.6,4.9,4.6,1837219,5.369183357
Philippines,PHL,3983639300,1.5096035,0.000983806,5.3,5.4,5.4,5.4,5.4,87212,0.075284217
Poland,POL,29043919000,7.0801096,0.045189332,1.7,1.9,1.8,2,1.9,1739901,4.514626549
Portugal,PRT,2767615000,3.4089074,0.005087299,1.7,1.9,1.9,1.9,1.9,1127184,10.81201371
Qatar,QAT,2590880000,41.27118,11.039423,1.2,1.9,1.8,2,1.8,2337000,76.66258915
Romania,ROU,8861765000,3.605104,0.000433514,2.1,2.4,2.3,2.5,2.3,655579,3.44767797
Russia,RUS,1.22808E+11,12.294705,0.000326058,3.3,3.3,3.2,3.3,3.1,7605774,5.251865616
Rwanda,RWA,37315956,0.14263947,0.007813265,4.7,5.4,4.8,5.5,4.6,513316,3.600558255
Saint Kitts and Nevis,KNA,8034820,5.542429,0.12923774,1.9,1.9,1.9,1.9,1.9,7958,16.98866426
Saint Lucia,LCA,16455217,2.9869597,0.039394036,1.9,1.9,1.9,1.9,1.9,8079,4.494725832
Saint Vincent and the Grenadines,VCT,7966634,2.5405643,0.059397593,2.4,2.4,2.3,2.4,2.3,4820,4.790490578
Samoa,WSM,7769591,1.1263857,0.041495375,3,3,2.9,3,2.9,3843,1.762690408
Sao Tome and Principe,STP,4015233,0.6019113,0.059304338,1.9,2.4,2.4,2.4,2.2,1955,0.830021738
Saudi Arabia,SAU,19020340000,20.379194,0.002714283,2.1,2.6,2.5,2.7,2.5,13683841,40.29072493
Senegal,SEN,300599300,0.76163954,0,4.5,5.2,4.8,5.5,4.7,281867,1.523442027
Serbia,SRB,2924890600,6.237839,0.006780931,2.4,2.7,2.6,2.8,2.7,712550,10.57789715
Seychelles,SYC,16113488,5.002998,0.15896223,1.8,1.7,1.7,1.7,1.7,13261,10.16807496
Sierra Leone,SLE,42619708,0.165966,0.07879066,4.7,5.3,5.1,5.5,5.1,49997,0.578533589
Singapore,SGP,2247705300,9.244836,1.8887773,0.6,0.7,0.7,0.7,0.7,2841665,48.72216127
Slovakia,SVK,4028322000,5.282773,0.026246682,1.5,1.7,1.6,1.7,1.6,323991,5.883514081
Slovenia,SVN,911401540,6.0184274,0.004533439,1.3,1.3,1.3,1.4,1.3,315122,14.8733868
Solomon Islands,SLB,11609681,0.3596751,0.032281652,4.1,4.3,4.2,4.3,4.2,2469,0.301392337
Somalia,SOM,41932210,0.06939735,0.021522371,8.8,8.8,8.8,8.9,8.8,77972,0.410181391
South Africa,ZAF,22826967000,6.8715796,0.005073643,3.7,4.3,4,4.5,4,2631100,4.110632139
South Korea,KOR,20707550000,11.285893,7.90436E-05,2.1,2.1,2.1,2,2.1,1811507,3.502690284
South Sudan,SSD,45530780,0.14196548,0.01774606,8.5,8.6,8.5,8.6,8.5,914001,7.652765442
Spain,ESP,15700227000,4.599015,0.000280947,2.2,2.5,2.4,2.6,2.4,8870527,18.5147769
Sri Lanka,LKA,567871500,0.90139973,0.20827107,3.4,3.6,3.4,3.7,3.4,40698,0.176154632
Sudan,SDN,517016670,0.35272878,0.08164151,8.5,8.6,8.5,8.6,8.5,2397113,4.751560503
Suriname,SUR,128759800,4.7093143,1.086601,3.5,3.7,3.5,3.8,3.5,51902,8.180873885
Sweden,SWE,5134553600,3.5916543,0.011093442,1.8,1.9,1.9,1.9,1.9,2272158,21.4213087
Switzerland,CHE,3158062000,3.5946856,0.059032958,1.5,1.5,1.5,1.6,1.6,2773840,31.08995637
Syria,SYR,2055815200,1.2879974,0.001348737,7,7,7,7.1,7,896042,3.631705573
Taiwan,TWN,10091911000,11.301164,0,,,,,,1136425,4.895437496
Tajikistan,TJK,517797540,1.0140533,0.000117347,3.4,3.6,3.5,3.8,3.5,276777,2.613340645
Tanzania,TZA,344851330,0.29198244,0.06535004,4.9,5.6,5.4,5.9,5.3,462371,0.674401898
Thailand,THA,8308318700,3.7361188,0.002261859,4.1,4.1,3.9,4.1,3.8,3179399,4.436287481
Togo,TGO,76630870,0.32755217,0.018325288,4.1,4.8,4.6,4.9,4.6,281994,2.963604896
Tonga,TON,4922376,1.464028,0.147507,3.2,3.2,3.1,3.2,3.1,3581,3.437485001
Trinidad and Tobago,TTO,1710968700,22.931944,0.07745973,2.6,2.9,2.9,3,2.8,113478,7.526154311
Tunisia,TUN,1066189100,2.6605377,0.004817461,3,3.3,3.3,3.4,3.3,63201,0.514787317
Turkey,TUR,12887552000,5.865009,0.012982571,4.9,4.9,4.9,4.9,4.9,7083501,8.09785398
Turkmenistan,TKM,2741632800,10.808675,0.000385215,2,2.3,2.3,2.4,2.3,193763,2.585403319
Tuvalu,TUV,297180,1.1831627,0.4153724,2.7,2.7,2.7,2.7,2.7,246,2.550279909
Uganda,UGA,131383520,0.12663798,0.018476358,6.2,6.6,6.4,6.7,6.2,2057759,4.114276147
Ukraine,UKR,31236495000,3.7637882,0.000289195,4.5,4.6,4.5,4.6,4.5,5064173,13.37597316
United Arab Emirates,ARE,5824239600,20.131075,0.087971896,1.6,1.8,1.8,1.8,1.8,8157000,73.97211006
United Kingdom,GBR,80079450000,4.5257993,1.0019121,2,2.4,2.2,2.4,2.2,11845479,17.1330471
United States,USA,4.34867E+11,14.197287,0.042136,3.1,3.2,3.2,3.3,3.3,52375047,15.16242565
Uruguay,URY,476756500,2.35437,0.18094446,2.1,2.3,2.3,2.4,2.3,160064,4.726408999
Uzbekistan,UZB,6750655000,3.829127,0.000226829,2.5,2.9,2.7,3,2.7,1154963,3.1763035
Vanuatu,VUT,5546938,0.6012429,0.5910717,4,4.1,4,4.1,4.1,3315,1.011358332
Venezuela,VEN,7886473700,4.085203,0.000597177,4.2,4.6,4.4,4.7,4.4,1263304,4.447385498
Vietnam,VNM,5668876300,3.6730351,0.018991606,3.7,3.8,3.7,3.8,3.7,326418,0.323225547
Yemen,YEM,708031040,0.24944058,0.012698022,8.1,8.2,8.2,8.3,8.2,392997,0.968374472
Zambia,ZMB,300838750,0.5650162,1.0038241,4.2,5,4.6,5.2,4.6,249205,1.169155592
Zimbabwe,ZWE,832913860,0.82366556,0.09764258,4.4,4.6,4.5,4.8,4.5,429108,2.579646374