Year,"Country of Asylum","Country of Origin","Country of Asylum ISO","Country of Origin ISO",Refugees,Asylum-seekers,IDPs,"Other people in need of international protection","Stateless persons","Host community","Others of concern"
2024,Afghanistan,-,AFG,-,20866,370,3199710,0,0,600000,72886
2024,Albania,-,ALB,-,9381,0,0,0,2203,0,0
2024,Egypt,-,EGY,-,238014,638948,0,0,5,0,0
2024,Argentina,-,ARG,-,4409,4766,0,164616,34,75272,18
2024,Armenia,-,ARM,-,144379,975,0,0,373,0,0
2024,Australia,-,AUS,-,29511,91278,0,0,6922,0,950
2024,Austria,-,AUT,-,284828,28883,0,0,3919,0,0
2024,Azerbaijan,-,AZE,-,6431,267,655212,0,271,0,18
2024,Belgium,-,BEL,-,183551,53138,0,0,849,0,619
2024,Benin,-,BEN,-,16232,6993,8785,0,0,0,0
2024,Bangladesh,-,BGD,-,1005602,35,0,0,1005520,544641,0
2024,Belarus,-,BLR,-,43397,1224,0,0,5620,0,0
2024,Brazil,-,BRA,-,257079,74018,0,464395,27,0,496
2024,"Bosnia and Herzegovina",-,BIH,-,495,190,94796,0,23,0,673
2024,Bulgaria,-,BGR,-,108747,5981,0,0,862,0,0
2024,Canada,-,CAN,-,269496,292055,0,0,8166,0,0
2024,China,-,CHN,-,261,553,0,0,0,0,0
2024,Chile,-,CHL,-,2443,13345,0,523727,1688,101855,0
2024,Colombia,-,COL,-,1306,29305,7031498,2779604,5,807700,329
2024,Cuba,-,CUB,-,130,41,0,0,0,0,5
2024,Cyprus,-,CYP,-,45750,27553,0,0,130,0,0
2024,Czechia,-,CZE,-,391133,1065,0,0,588,0,478
2024,Denmark,-,DNK,-,98204,2628,0,0,8566,0,0
2024,"Dominican Rep.",-,DOM,-,18,986,0,125343,0,0,0
2024,Ecuador,-,ECU,-,23218,7023,0,439097,0,0,0
2024,Estonia,-,EST,-,42267,172,0,0,63944,0,0
2024,Ethiopia,-,ETH,-,1008826,63055,2272533,0,0,1876986,645
2024,Finland,-,FIN,-,93182,4386,0,0,1326,0,0
2024,France,-,FRA,-,721771,88554,0,0,2634,0,0
2024,Gambia,-,GMB,-,3964,447,0,0,0,0,0
2024,"United Kingdom of Great Britain and Northern Ireland",-,GBR,-,515677,124783,0,0,4672,0,389
2024,Georgia,-,GEO,-,31027,764,299172,0,488,0,0
2024,Germany,-,DEU,-,2749266,348903,0,0,28813,0,0
2024,Ghana,-,GHA,-,7479,9855,0,0,0,0,0
2024,Greece,-,GRC,-,116450,28244,0,0,3743,0,2106
2024,Guinea,-,GIN,-,2171,172,0,0,0,0,0
2024,Guyana,-,GUY,-,27,52,0,23400,0,0,0
2024,"China, Hong Kong SAR",-,HKG,-,260,0,0,0,0,0,0
2024,Croatia,-,HRV,-,28707,1220,0,0,758,0,41
2024,Hungary,-,HUN,-,72359,0,0,0,101,0,39
2024,Iceland,-,ISL,-,7879,1081,0,0,31,0,0
2024,India,-,IND,-,236763,13243,0,0,23262,0,0
2024,Indonesia,-,IDN,-,7799,4165,0,0,2643,0,238
2024,Ireland,-,IRL,-,124730,31711,0,0,48,0,0
2024,"Iran (Islamic Rep. of)",-,IRN,-,3489257,0,0,0,0,0,0
2024,Iraq,-,IRQ,-,318461,16882,1031475,0,233,0,2774
2024,Italy,-,ITA,-,312849,207278,0,0,3000,0,0
2024,Jordan,-,JOR,-,643641,31747,0,0,17,0,1209
2024,Japan,-,JPN,-,29068,31293,0,0,505,0,0
2024,Kazakhstan,-,KAZ,-,65833,319,0,0,7865,0,0
2024,Kenya,-,KEN,-,604257,219647,0,0,9800,401356,0
2024,Kyrgyzstan,-,KGZ,-,23678,1735,0,0,925,0,0
2024,"Rep. of Korea",-,KOR,-,4241,35843,0,0,248,0,0
2024,Kuwait,-,KWT,-,488,783,0,0,92000,0,18
2024,Libya,-,LBY,-,200335,76675,32791,0,0,0,0
2024,Lebanon,-,LBN,-,758642,6748,123774,0,40000,0,32201
2024,"Sri Lanka",-,LKA,-,232,268,4806,0,229,0,0
2024,Lithuania,-,LTU,-,53561,298,0,0,2236,0,0
2024,Luxembourg,-,LUX,-,10059,4285,0,0,85,0,6
2024,Latvia,-,LVA,-,49220,263,0,0,173891,0,0
2024,"North Macedonia",-,MKD,-,20911,26,0,0,159,0,48
2024,"Rep. of Moldova",-,MDA,-,135941,904,0,0,3164,0,0
2024,Mexico,-,MEX,-,150836,266710,262411,64347,13,0,94342
2024,Malaysia,-,MYS,-,138417,52926,0,0,120857,0,55866
2024,Mongolia,-,MNG,-,11,15,0,0,17,0,5
2024,Morocco,-,MAR,-,7470,11378,0,0,0,0,0
2024,Nepal,-,NPL,-,19598,276,0,0,467,0,553
2024,"Netherlands (Kingdom of the)",-,NLD,-,263399,46840,0,0,4428,0,0
2024,Nigeria,-,NGA,-,96387,30744,3432959,0,0,0,309
2024,Norway,-,NOR,-,123981,5913,0,0,1621,0,0
2024,"New Zealand",-,NZL,-,2063,3559,0,0,29,0,0
2024,Oman,-,OMN,-,294,420,0,0,0,0,0
2024,Pakistan,-,PAK,-,1560480,198852,3439,0,60,1456000,798631
2024,Panama,-,PAN,-,2658,8143,0,56921,928,2236,68874
2024,Paraguay,-,PRY,-,6071,1578,0,0,5,2254,0
2024,Peru,-,PER,-,6742,539957,0,1135215,32,16328,12706
2024,Philippines,-,PHL,-,962,1380,121576,0,30,0,121070
2024,"Papua New Guinea",-,PNG,-,7732,3251,84051,0,0,134,2177
2024,Poland,-,POL,-,1008871,10992,0,0,1486,0,1328
2024,Portugal,-,PRT,-,68603,2563,0,0,31,0,0
2024,Romania,-,ROU,-,184529,462,0,0,297,0,180
2024,"South Africa",-,ZAF,-,71171,100313,0,0,0,0,0
2024,"Russian Federation",-,RUS,-,10077,1363,0,0,90185,0,0
2024,Rwanda,-,RWA,-,114368,14193,0,0,14500,12134,7105
2024,Senegal,-,SEN,-,11836,1228,0,0,0,0,0
2024,Spain,-,ESP,-,429333,263965,0,0,10164,0,0
2024,"Serbia and Kosovo: S/RES/1244 (1999)",-,SRB,-,36068,202,209753,0,1715,0,592
2024,"South Sudan",-,SSD,-,514794,2677,944631,0,18000,1327345,0
2024,Sudan,-,SDN,-,793395,44593,11559970,0,0,32823,3563
2024,Suriname,-,SUR,-,24,3217,0,0,0,0,0
2024,Slovakia,-,SVK,-,144269,80,0,0,65,0,0
2024,Slovenia,-,SVN,-,12524,845,0,0,10,0,5
2024,Eswatini,-,SWZ,-,1295,3164,0,0,0,0,12
2024,Sweden,-,SWE,-,163029,5490,0,0,6835,0,0
2024,Switzerland,-,CHE,-,196167,17010,0,0,1267,0,97
2024,"Syrian Arab Rep.",-,SYR,-,11635,4767,7408909,0,160000,16471143,17683
2024,"United Rep. of Tanzania",-,TZA,-,176859,41264,0,0,0,0,12556
2024,Thailand,-,THA,-,84421,2604,0,0,612524,0,513
2024,Tajikistan,-,TJK,-,12157,3034,0,0,4466,0,0
2024,Turkmenistan,-,TKM,-,3409,0,0,0,0,0,0
2024,Togo,-,TGO,-,47494,1262,9680,0,0,0,0
2024,Tunisia,-,TUN,-,2955,9620,0,0,0,0,0
2024,Türkiye,-,TUR,-,2940735,154083,0,0,420,0,0
2024,"United Arab Emirates",-,ARE,-,1377,6257,0,0,0,0,100
2024,Uganda,-,UGA,-,1759492,37105,0,0,10284,3200000,0
2024,Ukraine,-,UKR,-,2389,487,3665000,0,10910,0,851644
2024,Uruguay,-,URY,-,1322,30827,0,35951,5,7791,0
2024,"United States of America",-,USA,-,435333,3184162,0,0,0,0,0
2024,Uzbekistan,-,UZB,-,8505,0,0,0,20000,0,0
2024,"Venezuela (Bolivarian Republic of)",-,VEN,-,19333,1578,0,0,0,0,590346
2024,Zambia,-,ZMB,-,79275,9643,0,0,0,0,17837
2024,Israel,-,ISR,-,1266,26147,0,0,35,0,33165
2024,Malta,-,MLT,-,7814,1470,0,0,171,0,171
2024,Angola,-,AGO,-,25275,30267,0,0,0,0,199
2024,Botswana,-,BWA,-,816,7,0,0,0,0,71
2024,"Central African Rep.",-,CAF,-,45108,8270,469342,0,0,0,0
2024,Cameroon,-,CMR,-,427706,16034,1036775,0,0,0,848
2024,Congo,-,COG,-,62052,7714,0,0,0,0,13377
2024,"Dem. Rep. of the Congo",-,COD,-,517404,1041,6905511,0,0,0,82
2024,"Costa Rica",-,CRI,-,31632,217889,0,13283,345,3115,17101
2024,Namibia,-,NAM,-,5258,1317,0,0,14796,0,58
2024,Zimbabwe,-,ZWE,-,9240,13192,0,0,0,0,994
2024,Algeria,-,DZA,-,183368,4838,0,0,0,0,0
2024,Bahrain,-,BHR,-,250,121,0,0,0,0,0
2024,"Cote d'Ivoire",-,CIV,-,2377,66799,0,0,930978,0,93
2024,Qatar,-,QAT,-,197,152,0,0,1200,0,0
2024,Somalia,-,SOM,-,19503,22260,3861643,0,0,0,213
2024,Yemen,-,YEM,-,46827,14094,4795983,0,0,0,15
2024,"Bolivia (Plurinational State of)",-,BOL,-,1117,46,0,18475,0,11079,13501
2024,Guatemala,-,GTM,-,1306,3370,0,0,0,72921,175565
2024,Montenegro,-,MNE,-,18670,150,0,0,423,0,0
2024,Burundi,-,BDI,-,89075,2089,6877,0,791,0,1301
2024,"Burkina Faso",-,BFA,-,39915,1493,2062534,0,0,0,0
2024,Chad,-,TCD,-,1278866,7779,220610,0,0,0,317279
2024,Mauritania,-,MRT,-,155193,7084,0,0,0,0,0
2024,Mali,-,MLI,-,135533,294,360591,0,0,0,0
2024,Malawi,-,MWI,-,35510,21149,0,0,0,0,5
2024,Mozambique,-,MOZ,-,5370,18880,577545,0,0,0,2009
2024,Mauritius,-,MUS,-,10,72,0,0,0,0,0
2024,Niger,-,NER,-,369836,51959,507438,0,0,0,46590
2024,Nauru,-,NRU,-,5,90,0,0,0,0,0
2024,"Trinidad and Tobago",-,TTO,-,3328,20806,0,7922,0,711,1333
2024,Liberia,-,LBR,-,1167,687,0,0,0,0,0
2024,"Sint Maarten (Dutch part)",-,SXM,-,12,144,0,0,0,0,12
2024,Palau,-,PLW,-,5,0,0,0,0,0,0
2024,Gabon,-,GAB,-,179,82,0,0,0,0,9
2024,Liechtenstein,-,LIE,-,841,34,0,0,0,0,0
2024,"Saudi Arabia",-,SAU,-,448,3907,0,0,70000,0,0
2024,Bahamas,-,BHS,-,10,20,0,0,0,0,723
2024,"Equatorial Guinea",-,GNQ,-,5,0,0,0,0,0,0
2024,Lesotho,-,LSO,-,419,191,0,0,0,0,6
2024,Comoros,-,COM,-,5,13,0,0,0,0,0
2024,Djibouti,-,DJI,-,23987,8649,0,0,0,0,0
2024,Haiti,-,HTI,-,5,0,1037463,0,0,0,5
2024,Aruba,-,ABW,-,0,0,0,11470,0,0,522
2024,"Curacao ",-,CUW,-,0,0,0,11593,0,0,1278
2024,Honduras,-,HND,-,202,139,247090,0,0,0,305126
2024,"El Salvador",-,SLV,-,120,272,71500,0,0,255433,114393
2024,Belize,-,BLZ,-,286,2001,0,0,0,0,0
2024,"Cayman Islands",-,CYM,-,50,15,0,0,0,0,90
2024,"Saint Kitts and Nevis",-,KNA,-,5,0,0,0,0,0,0
2024,Eritrea,-,ERI,-,119,0,0,0,0,0,18
2024,Madagascar,-,MDG,-,83,1173,0,0,0,0,20
2024,"British Virgin Islands",-,VGB,-,5,36,0,0,0,0,0
2024,"Saint Lucia",-,LCA,-,5,0,0,0,0,0,0
2024,Guinea-Bissau,-,GNB,-,24,30,0,0,0,0,0
2024,"Sierra Leone",-,SLE,-,0,0,0,0,0,0,210
2024,Fiji,-,FJI,-,15,10,0,0,0,0,0
2024,Monaco,-,MCO,-,17,0,0,0,0,0,0
2024,Barbados,-,BRB,-,5,8,0,0,0,0,0
2024,Dominica,-,DMA,-,0,5,0,0,0,0,0
2024,"Viet Nam",-,VNM,-,19,0,0,0,20590,0,0
2024,"Turks and Caicos Islands",-,TCA,-,8,0,0,0,0,0,0
2024,Cambodia,-,KHM,-,23,5,0,0,75000,0,0
2024,Myanmar,-,MMR,-,0,0,3513867,0,619429,0,0
2024,"Solomon Islands",-,SLB,-,0,0,11,0,0,0,0
2024,"Brunei Darussalam",-,BRN,-,0,0,0,0,20863,0,0
2024,"Cabo Verde",-,CPV,-,0,0,0,0,115,0,0
2024,Singapore,-,SGP,-,0,0,0,0,1109,0,0
2024,"Antigua and Barbuda",-,ATG,-,0,5,0,0,0,0,0
